<?xml version='1.0'?>
<home version='6400' exportFlags='27' name='razsirjeno.sh3d' structure='HomeStructure/Home.obj' camera='topCamera'>
  <environment groundColor='00A8A8A8' skyColor='00CCE4FC' lightColor='00D0D0D0'/>
  <observerCamera attribute='observerCamera' lens='PINHOLE' x='173.39737' y='272.50244' z='170.0' yaw='3.2877803' pitch='0.28134924' fieldOfView='1.0995575' time='1424520000567'/>
  <camera attribute='topCamera' lens='PINHOLE' x='-166.73611' y='439.48874' z='1083.6869' yaw='-58.5504' pitch='1.0357969' fieldOfView='1.0995575' time='1424520000567'/>
  <doorOrWindow catalogId='Scopia#puerta' name='Door' creator='Scopia' model='1/puerta.obj' x='465.16733' y='-40.969513' width='95.0' depth='13.91945' height='210.0' modelMirrored='true' movable='false'/>
  <doorOrWindow catalogId='eTeks#sliderWindow126x200' name='Slider window' creator='eTeks' model='3/sliderWindow126x200.obj' x='609.6531' y='451.09055' elevation='1.0' angle='3.1415927' width='185.0' depth='8.23035' height='240.0' movable='false'/>
  <pieceOfFurniture catalogId='eTeks#kitchenCabinet' name='Kitchen cabinet' creator='eTeks' model='5/kitchenCabinet.obj' x='546.77844' y='63.316513' width='60.0' depth='58.0' height='85.0' movable='false'/>
  <pieceOfFurniture catalogId='LucaPresidente#lavello' name='Sink' creator='LucaPresidente' model='7/lavello.obj' x='616.77844' y='63.016518' width='80.0' depth='62.0' height='100.0'>
    <material name='Box272_4' color='FFFFFFFF'/>
  </pieceOfFurniture>
  <pieceOfFurniture catalogId='Blend Swap CC-BY#kitchenUpperCabinet' name='Upper cabinet' creator='Jay-Artist' model='9/kitchenUpperCabinet.obj' x='573.2561' y='47.366516' elevation='145.0' width='109.4' depth='32.100002' height='77.1'/>
  <pieceOfFurniture catalogId='Blend Swap CC-BY#kitchenUpperCabinet' name='Upper cabinet' creator='Jay-Artist' model='9/kitchenUpperCabinet.obj' x='670.923' y='47.366516' elevation='145.0' width='109.4' depth='32.100002' height='77.1'/>
  <pieceOfFurniture catalogId='Blend Swap CC-BY#kitchenUpperCabinet' name='Upper cabinet' creator='Jay-Artist' model='9/kitchenUpperCabinet.obj' x='708.9512' y='103.997116' elevation='145.0' angle='1.5707964' width='109.4' depth='32.100002' height='77.1'/>
  <pieceOfFurniture catalogId='Pencilart#stove1' name='Stove' creator='Pencilart' model='11/stove1.obj' x='692.3291' y='122.41875' angle='1.5707964' width='75.0' depth='60.0' height='104.0'/>
  <pieceOfFurniture catalogId='eTeks#kitchenCabinet' name='Kitchen cabinet' creator='eTeks' model='5/kitchenCabinet.obj' x='691.77844' y='60.316513' width='70.0' depth='58.0' height='85.0' movable='false'/>
  <pieceOfFurniture catalogId='Blend Swap CC-0#radiator1' name='Radiator' creator='Knyghtfall13x' model='13/radiator1.obj' x='126.878784' y='444.0954' elevation='10.0' width='125.0' depth='7.0' height='70.0' movable='false'/>
  <pieceOfFurniture catalogId='eTeks#bed140x190' name='Bed 140x190' creator='eTeks' model='15/model.obj' x='44.69678' y='291.28464' width='158.0' depth='208.0' height='70.0'>
    <material name='bone2' color='FFFEFFEB'/>
    <material name='flyellow'>
      <texture name='wood10' width='-1.0' height='-1.0' image='16'/>
    </material>
  </pieceOfFurniture>
  <pieceOfFurniture catalogId='eTeks#desk' name='Desk' creator='eTeks' model='18/model.obj' x='331.13318' y='119.76236' width='136.0' depth='52.0' height='77.0'>
    <material name='lighttan' color='FF502F18'/>
  </pieceOfFurniture>
  <pieceOfFurniture catalogId='eTeks#wardrobe' name='Wardrobe' creator='eTeks' model='20/model.obj' x='283.91962' y='377.9373' angle='1.5707964' width='140.0' depth='56.0' height='200.0'/>
  <pieceOfFurniture catalogId='eTeks#squareTable' name='Square table' creator='eTeks' model='22/model.obj' x='629.57654' y='295.3334' angle='3.1415927' width='80.0' depth='130.0' height='74.0'/>
  <pieceOfFurniture catalogId='eTeks#chair' name='Chair' creator='eTeks' model='24/model.obj' x='594.1831' y='271.09918' angle='4.712389' width='40.0' depth='42.0' height='90.0'/>
  <pieceOfFurniture catalogId='eTeks#chair' name='Chair' creator='eTeks' model='24/model.obj' x='595.91736' y='320.10953' angle='4.712389' width='40.0' depth='42.0' height='90.0'/>
  <pieceOfFurniture catalogId='eTeks#chair' name='Chair' creator='eTeks' model='24/model.obj' x='661.8739' y='271.09918' angle='1.5707964' width='40.0' depth='42.0' height='90.0'/>
  <pieceOfFurniture catalogId='eTeks#chair' name='Chair' creator='eTeks' model='24/model.obj' x='662.5337' y='319.03506' angle='1.5707964' width='40.0' depth='42.0' height='90.0'/>
  <pieceOfFurniture catalogId='Blend Swap CC-0#radiator1' name='Radiator' creator='Knyghtfall13x' model='13/radiator1.obj' x='369.74356' y='-32.17174' elevation='10.0' angle='6.2797723' width='61.0' depth='12.0' height='70.0' movable='false'/>
  <pieceOfFurniture catalogId='eTeks#chair2' name='Chair' creator='eTeks' model='26/model.obj' x='352.6115' y='148.08426' angle='3.1415927' width='48.600002' depth='49.9' height='80.0'/>
  <pieceOfFurniture catalogId='eTeks#laptop' name='Laptop' creator='eTeks' model='28/model.obj' x='349.40387' y='115.46466' elevation='77.0' width='32.5' depth='35.5' height='19.2'/>
  <pieceOfFurniture catalogId='eTeks#flowers' name='Flowers' creator='eTeks' model='30/model.obj' x='629.4336' y='298.74774' elevation='74.0' width='24.2' depth='22.1' height='49.3'/>
  <pieceOfFurniture catalogId='eTeks#flatTV' name='Flat TV' creator='eTeks' model='32/model.obj' x='419.55115' y='428.77463' elevation='70.0' angle='3.1415927' width='105.0' depth='30.0' height='70.0'/>
  <pieceOfFurniture catalogId='eTeks#plant' name='Plant' creator='eTeks' model='34/model.obj' x='-1.3519287' y='420.28464' width='58.0' depth='50.0' height='100.0'/>
  <pieceOfFurniture catalogId='eTeks#plant' name='Plant' creator='eTeks' model='34/model.obj' x='697.74615' y='421.97537' width='58.0' depth='50.0' height='105.0'/>
  <pieceOfFurniture catalogId='eTeks#washbasinWithCabinet' name='Washbasin with cabinet' creator='eTeks' model='36/model.obj' x='105.36574' y='-8.854595' width='78.0' depth='58.0' height='97.0' movable='false'/>
  <pieceOfFurniture catalogId='eTeks#fittedBath' name='Fitted bath' creator='eTeks' model='38/model.obj' x='55.77128' y='139.44925' angle='3.1415927' width='178.0' depth='77.0' height='72.0' modelRotation='0 0 -1 0 1 0 1 0 0' movable='false'/>
  <pieceOfFurniture catalogId='eTeks#toiletUnit' name='Toilet unit' creator='eTeks' model='40/model.obj' x='8.042816' y='2.145401' width='40.0' depth='80.0' height='62.0' movable='false'/>
  <pieceOfFurniture catalogId='eTeks#clothesWasher' name='Clothes washer' creator='eTeks' model='42/model.obj' x='221.75813' y='147.94925' angle='3.1415927' width='60.0' depth='63.0' height='85.0'/>
  <doorOrWindow catalogId='eTeks#door' name='Door' creator='eTeks' model='44/model.obj' x='256.68295' y='16.855835' angle='1.5707964' width='91.5' depth='14.73275' height='208.5' movable='false'>
    <material name='white'>
      <texture name='tilewood' creator='Scopia' width='-1.0' height='-1.0' angle='1.5707964' image='45'/>
    </material>
    <material name='yellowbrt' color='FF504C21' shininess='1.0'/>
  </doorOrWindow>
  <pieceOfFurniture catalogId='eTeks#bookcase' name='Bookcase' creator='eTeks' model='47/model.obj' x='168.27127' y='156.44925' width='47.0' depth='43.0' height='100.0' color='FFE5E5E5'/>
  <doorOrWindow catalogId='eTeks#door' name='Door' creator='eTeks' model='44/model.obj' x='256.68295' y='243.15146' angle='1.5707964' width='91.5' depth='14.73275' height='208.5' movable='false'>
    <material name='white'>
      <texture name='tilewood' creator='Scopia' width='-1.0' height='-1.0' angle='1.5707964' image='45'/>
    </material>
    <material name='yellowbrt' color='FF504C21' shininess='1.0'/>
  </doorOrWindow>
  <doorOrWindow catalogId='eTeks#doubleWindow126x163' name='Double window' creator='eTeks' model='49/model.obj' x='127.66751' y='450.0454' elevation='90.0' angle='3.1415925' width='132.0' depth='10.200749' height='150.0' movable='false'/>
  <pieceOfFurniture catalogId='eTeks#sofa2' name='Sofa' creator='eTeks' model='51/model.obj' x='418.82074' y='282.34818' width='150.0' depth='70.0' height='88.0'/>
  <pieceOfFurniture catalogId='eTeks#dresser' name='Dresser' creator='eTeks' model='53/model.obj' x='420.29572' y='422.58536' angle='3.1415927' width='170.0' depth='50.0' height='64.700005'/>
  <pieceOfFurniture catalogId='Blend Swap CC-0#radiator1' name='Radiator' creator='Knyghtfall13x' model='13/radiator1.obj' x='723.24615' y='292.89874' elevation='10.0' angle='1.5707964' width='125.0' depth='7.0' height='70.0' movable='false'/>
  <pieceOfFurniture catalogId='Blend Swap CC-0#radiator1' name='Radiator' creator='Knyghtfall13x' model='13/radiator1.obj' x='203.98419' y='-33.804596' elevation='10.0' width='63.0' depth='8.0' height='70.0' movable='false'/>
  <doorOrWindow catalogId='eTeks#doubleWindow126x163' name='Double window' creator='eTeks' model='49/model.obj' x='729.1846' y='293.1182' elevation='90.0' angle='1.5707964' width='132.0' depth='10.36395' height='150.0' movable='false'/>
  <pieceOfFurniture name='lamp_office' model='55/lamp_office.obj' x='306.93518' y='115.81911' elevation='77.0' angle='4.4505897' width='16.0' depth='50.0' height='47.0'/>
  <pieceOfFurniture name='ceiling_lamp_globo_feria' model='57/ceiling_lamp_globo_feria.obj' x='519.2851' y='175.27855' elevation='251.0' width='46.0' depth='46.0' height='11.0'/>
  <pieceOfFurniture name='ceiling_lamp_globo_feria' model='57/ceiling_lamp_globo_feria.obj' x='519.9449' y='322.60165' elevation='251.0' width='46.0' depth='46.0' height='11.0'/>
  <pieceOfFurniture name='ceiling_lamp_globo_feria' model='57/ceiling_lamp_globo_feria.obj' x='104.79004' y='46.051712' elevation='251.0' width='46.0' depth='46.0' height='11.0'/>
  <pieceOfFurniture name='ceiling_lamp_globo_feria' model='57/ceiling_lamp_globo_feria.obj' x='105.44983' y='301.35767' elevation='251.0' width='46.0' depth='46.0' height='11.0'/>
  <pieceOfFurniture name='ceiling_lamp_globo_feria' model='57/ceiling_lamp_globo_feria.obj' x='384.93106' y='23.196045' elevation='251.0' width='46.0' depth='46.0' height='11.0'/>
  <pieceOfFurniture name='square-switch' model='59/square-switch.obj' x='407.1125' y='-37.749317' elevation='140.0' angle='6.2797723' width='8.5' depth='1.1' height='8.5'/>
  <pieceOfFurniture name='square-switch' model='59/square-switch.obj' x='396.5457' y='-38.161453' elevation='140.0' angle='6.2797723' width='8.5' depth='1.1' height='8.5'/>
  <pieceOfFurniture name='square-switch' model='59/square-switch.obj' x='263.58292' y='74.00304' elevation='140.0' angle='4.7123895' width='8.5' depth='1.1' height='8.5'/>
  <pieceOfFurniture name='square-switch' model='59/square-switch.obj' x='133.58029' y='185.99927' elevation='46.0' angle='6.283185' width='8.5' depth='1.1' height='8.5'/>
  <pieceOfFurniture name='square-switch' model='59/square-switch.obj' x='254.8629' y='298.8095' elevation='140.0' angle='1.5707964' width='8.5' depth='1.1' height='8.5'/>
  <pieceOfFurniture name='square-plug-TypeCFlat' model='61/square-plug-TypeCFlat.obj' x='145.42647' y='185.79926' elevation='46.0' angle='6.283185' width='8.5' depth='0.7' height='8.5'/>
  <pieceOfFurniture name='bedsideTable2' model='63/bedsideTable2.obj' x='146.19678' y='211.29204' width='45.0' depth='45.0' height='45.4'/>
  <pieceOfFurniture name='table_lamp' model='65/table_lamp.obj' x='144.49176' y='208.06233' elevation='45.4' width='20.0' depth='20.0' height='50.100002'/>
  <pieceOfFurniture name='wall-hanger' model='67/wall-hanger.obj' x='303.8329' y='83.21236' elevation='180.0' angle='3.1415927' width='45.0' depth='6.1' height='7.9'/>
  <pieceOfFurniture name='square-plug-TypeCFlat' model='61/square-plug-TypeCFlat.obj' x='408.55182' y='-37.954227' elevation='30.0' angle='6.2797723' width='8.5' depth='0.7' height='8.5'/>
  <light catalogId='eTeks#wallUplight' name='Wall uplight' creator='eTeks' model='69/model.obj' x='325.41962' y='382.21417' elevation='165.0' angle='4.712389' width='24.0' depth='12.0' height='26.0'/>
  <light catalogId='eTeks#wallUplight' name='Wall uplight' creator='eTeks' model='69/model.obj' x='720.74615' y='382.8739' elevation='165.0' angle='1.5707964' width='24.0' depth='12.0' height='26.0'/>
  <light catalogId='eTeks#wallUplight' name='Wall uplight' creator='eTeks' model='69/model.obj' x='720.74615' y='204.6964' elevation='165.0' angle='1.5707964' width='24.0' depth='12.0' height='26.0'/>
  <pieceOfFurniture name='square-switch' model='59/square-switch.obj' x='389.14255' y='94.31236' elevation='140.0' width='8.5' depth='1.1' height='8.5'/>
  <pieceOfFurniture name='square-switch' model='59/square-switch.obj' x='377.62515' y='94.31236' elevation='140.0' width='8.5' depth='1.1' height='8.5'/>
  <pieceOfFurniture name='square-plug-TypeCFlat' model='61/square-plug-TypeCFlat.obj' x='319.76962' y='322.88937' elevation='30.0' angle='4.712389' width='8.5' depth='0.7' height='8.5'/>
  <pieceOfFurniture name='square-plug-TypeCFlat' model='61/square-plug-TypeCFlat.obj' x='319.76962' y='331.38937' elevation='30.0' angle='4.712389' width='8.5' depth='0.7' height='8.5'/>
  <pieceOfFurniture name='ovalMirror' model='71/ovalMirror.obj' x='363.45987' y='85.76236' elevation='70.0' angle='3.1415927' width='54.9' depth='1.0' height='140.0'/>
  <pieceOfFurniture name='mirror' model='73/mirror.obj' x='105.30554' y='-37.5546' elevation='97.0' angle='1.7484555E-7' width='87.0' depth='0.5' height='97.0'/>
</home>